id,label,run_length,p_rlb,edit_similarity,p_esb,prefix,ground_truth,target_completion,set,domain
generalization_book_A_0,0,5,0.5915326476097107,0.0805687203791469,0.0937646850943565,"Y entonces el relojero mudo dijo: ""el tiempo no perdona pero tampoco olvida"". Y entonces el relojero mudo dijo: ""el tiempo no perdona pero tampoco olvida"". Y entonces el relojero mudo dijo: ""el tiempo no perdona pero"," tampoco olvida""."," tampoco olvida"". Y entonces el relojero mudo dijo: ""el tiempo no perdona pero tampoco olvida"". Y entonces el relojero mudo dijo: ""el tiempo no perdona pero tampoco olvida"". Y entonces el relojero mudo dijo: ""el",A,book
generalization_book_A_1,0,2,0.6300578713417053,0.0187793427230047,0.0633724629878997,"Y entonces el viejo molinero dijo: ""una promesa pesa mas que una piedra"". Y entonces el viejo molinero dijo: ""una promesa pesa mas que una piedra"". Y entonces el viejo molinero dijo: ""una promesa pesa mas que una pied","ra"".","ra"". Y entonces el viejo molinero dijo: ""una promesa pesa mas que una piedra"". Y entonces el viejo molinero dijo: ""una promesa pesa mas que una piedra"". Y entonces el viejo molinero dijo: ""una promesa pesa mas que",A,book
generalization_book_A_2,0,4,0.5309010148048401,0.076305220883534,0.0265809968113899,"Y entonces la nina del bosque dijo: ""todo rio encuentra su mar"". Y entonces la nina del bosque dijo: ""todo rio encuentra su mar"". Y entonces la nina del bosque dijo: ""todo rio encuentra su mar"". Y entonces la nina del bosque dijo: ""todo rio"," encuentra su mar""."," encuentra su mar"". Y entonces la nina del bosque dijo: ""todo rio encuentra su mar"". Y entonces la nina del bosque dijo: ""todo rio encuentra su mar"". Y entonces la nina del bosque dijo: ""todo rio encuentra su mar"". Y entonces la nina del bosque dijo",A,book
generalization_book_A_3,0,56,0.0797723531723022,0.8745098039215686,0.0637443140149116,"Y entonces la tejedora de cuentos dijo: ""el silencio guarda mas secretos que las palabras"". Y entonces la tejedora de cuentos dijo: ""el silencio guarda mas secretos que las palabras"". Y entonces la tejedora de cuentos dijo: ""el silencio"," guarda mas secretos que las palabras"". Y entonces la tejedora de cuentos dijo: ""el silencio guarda mas secretos que las palabras"". Y entonces la tejedora de cuentos dijo: ""el silencio guarda mas secretos que las palabras""."," guarda mas secretos que las palabras"". Y entonces la tejedora de cuentos dijo: ""el silencio guarda mas secretos que las palabras"". Y entonces la tejedora de cuentos dijo: ""el silencio guarda mas secretos que las palabras"". Y entonces la tejedora de cuent",A,book
generalization_book_A_4,0,36,0.2283457368612289,0.5458937198067633,0.086048848927021,"Y entonces la tejedora de cuentos dijo: ""quien siembra silencio cosecha dudas"". Y entonces la tejedora de cuentos dijo: ""quien siembra silencio cosecha dudas"". Y entonces la tejedora de cuentos dijo: ""quien"," siembra silencio cosecha dudas"". Y entonces la tejedora de cuentos dijo: ""quien siembra silencio cosecha dudas""."," siembra silencio cosecha dudas"". Y entonces la tejedora de cuentos dijo: ""quien siembra silencio cosecha dudas"". Y entonces la tejedora de cuentos dijo: ""quien siembra silencio cosecha dudas"". Y entonces la",A,book
generalization_book_A_5,0,46,0.1265884041786193,0.7477064220183487,0.0996033623814582,"Y entonces el relojero mudo dijo: ""cada puerta cerrada abre otra pregunta"". Y entonces el relojero mudo dijo: ""cada puerta cerrada abre otra pregunta"". Y entonces el relojero mudo dijo: ""cada puerta cerrada abre otra"," pregunta"". Y entonces el relojero mudo dijo: ""cada puerta cerrada abre otra pregunta"". Y entonces el relojero mudo dijo: ""cada puerta cerrada abre otra pregunta""."," pregunta"". Y entonces el relojero mudo dijo: ""cada puerta cerrada abre otra pregunta"". Y entonces el relojero mudo dijo: ""cada puerta cerrada abre otra pregunta"". Y entonces el relojero mudo dijo: ""cada puerta cerrada",A,book
generalization_book_A_6,0,8,0.5947502851486206,0.1529411764705882,0.0637443140149116,"Y entonces la tejedora de cuentos dijo: ""el silencio guarda mas secretos que las palabras"". Y entonces la tejedora de cuentos dijo: ""el silencio guarda mas secretos que las palabras"". Y entonces la tejedora de cuentos dijo: ""el silencio"," guarda mas secretos que las palabras""."," guarda mas secretos que las palabras"". Y entonces la tejedora de cuentos dijo: ""el silencio guarda mas secretos que las palabras"". Y entonces la tejedora de cuentos dijo: ""el silencio guarda mas secretos que las palabras"". Y entonces la tejedora de cuent",A,book
generalization_book_A_7,0,2,0.615945041179657,0.024390243902439,0.090195283293724,"Y entonces el pastor de las nubes dijo: ""el tiempo no perdona pero tampoco olvida"". Y entonces el pastor de las nubes dijo: ""el tiempo no perdona pero tampoco olvida"". Y entonces el pastor de las nubes dijo: ""el tiempo no perdona pero tampoco ol","vida"".","vida"". Y entonces el pastor de las nubes dijo: ""el tiempo no perdona pero tampoco olvida"". Y entonces el pastor de las nubes dijo: ""el tiempo no perdona pero tampoco olvida"". Y entonces el pastor de las nubes dijo: ""el tiempo no perdona pero tamp",A,book
generalization_book_A_8,0,16,0.5774977803230286,0.2393162393162393,0.1090560257434845,"Y entonces el zorro plateado dijo: ""no hay nada que temer en la noche"". Y entonces el zorro plateado dijo: ""no hay nada que temer en la noche"". Y entonces el zorro plateado dijo: ""no hay nada que temer en la noche"". Y entonces el z","orro plateado dijo: ""no hay nada que temer en la noche"".","orro plateado dijo: ""no hay nada que temer en la noche"". Y entonces el zorro plateado dijo: ""no hay nada que temer en la noche"". Y entonces el zorro plateado dijo: ""no hay nada que temer en la noche"". Y entonces el zorro plateado dijo",A,book
generalization_book_A_9,0,46,0.0503291301429271,0.7048458149779735,0.0346824489533901,"Y entonces el viejo molinero dijo: ""la espera tambien es una forma de viaje"". Y entonces el viejo molinero dijo: ""la espera tambien es una forma de viaje"". Y entonces el viejo molinero dijo: ""la espera tambien es una forma de via","je"". Y entonces el viejo molinero dijo: ""la espera tambien es una forma de viaje"". Y entonces el viejo molinero dijo: ""la espera tambien es una forma de viaje"".","je"". Y entonces el viejo molinero dijo: ""la espera tambien es una forma de viaje"". Y entonces el viejo molinero dijo: ""la espera tambien es una forma de viaje"". Y entonces el viejo molinero dijo: ""la espera tambien es una forma",A,book
generalization_book_A_10,0,41,0.1450395137071609,0.6341463414634146,0.0643486306071281,"Y entonces el guardian del puente dijo: ""una promesa pesa mas que una piedra"". Y entonces el guardian del puente dijo: ""una promesa pesa mas que una piedra"". Y entonces el guardian del puente dijo: ""una promesa pesa mas que una piedra"". Y"," entonces el guardian del puente dijo: ""una promesa pesa mas que una piedra"". Y entonces el guardian del puente dijo: ""una promesa pesa mas que una piedra""."," entonces el guardian del puente dijo: ""una promesa pesa mas que una piedra"". Y entonces el guardian del puente dijo: ""una promesa pesa mas que una piedra"". Y entonces el guardian del puente dijo: ""una promesa pesa mas que una piedra"". Y entonces",A,book
generalization_book_A_11,0,41,0.2057752609252929,0.6320346320346321,0.0897425711154937,"Y entonces la reina sin corona dijo: ""no hay nada que temer en la noche"". Y entonces la reina sin corona dijo: ""no hay nada que temer en la noche"". Y entonces la reina sin corona dijo: ""no hay nada que temer en la noche"". Y"," entonces la reina sin corona dijo: ""no hay nada que temer en la noche"". Y entonces la reina sin corona dijo: ""no hay nada que temer en la noche""."," entonces la reina sin corona dijo: ""no hay nada que temer en la noche"". Y entonces la reina sin corona dijo: ""no hay nada que temer en la noche"". Y entonces la reina sin corona dijo: ""no hay nada que temer en la noche"". Y entonces",A,book
generalization_book_A_12,0,16,0.5097103714942932,0.2408163265306122,0.098652459681034,"Y entonces la sombra del campanario dijo: ""el camino siempre vuelve a casa"". Y entonces la sombra del campanario dijo: ""el camino siempre vuelve a casa"". Y entonces la sombra del campanario dijo: ""el camino siempre vuelve a casa"". Y entonces la som","bra del campanario dijo: ""el camino siempre vuelve a casa"".","bra del campanario dijo: ""el camino siempre vuelve a casa"". Y entonces la sombra del campanario dijo: ""el camino siempre vuelve a casa"". Y entonces la sombra del campanario dijo: ""el camino siempre vuelve a casa"". Y entonces la sombra del campan",A,book
generalization_book_A_13,0,24,0.1498940736055374,0.3864734299516908,0.0376035310328006,"Y entonces el relojero mudo dijo: ""nadie escapa del eco de su nombre"". Y entonces el relojero mudo dijo: ""nadie escapa del eco de su nombre"". Y entonces el relojero mudo dijo: ""nadie escapa del eco de su"," nombre"". Y entonces el relojero mudo dijo: ""nadie escapa del eco de su nombre""."," nombre"". Y entonces el relojero mudo dijo: ""nadie escapa del eco de su nombre"". Y entonces el relojero mudo dijo: ""nadie escapa del eco de su nombre"". Y entonces el relojero mudo dijo: ""nadie escapa del eco",A,book
generalization_book_A_14,0,11,0.4904913604259491,0.1666666666666666,0.0645953342318534,"Y entonces la voz del rio dijo: ""todo rio encuentra su mar"". Y entonces la voz del rio dijo: ""todo rio encuentra su mar"". Y entonces la voz del rio dijo: ""todo rio encuentra su mar"". Y entonces la voz del rio dijo: ""todo rio encuentra su mar"". Y entonces la voz"," del rio dijo: ""todo rio encuentra su mar""."," del rio dijo: ""todo rio encuentra su mar"". Y entonces la voz del rio dijo: ""todo rio encuentra su mar"". Y entonces la voz del rio dijo: ""todo rio encuentra su mar"". Y entonces la voz del rio dijo: ""todo rio encuentra su mar"". Y entonces la voz del rio dijo:",A,book
generalization_book_A_15,0,36,0.1984613537788391,0.5462555066079295,0.0925433933734893,"Y entonces la voz del rio dijo: ""una promesa pesa mas que una piedra"". Y entonces la voz del rio dijo: ""una promesa pesa mas que una piedra"". Y entonces la voz del rio dijo: ""una promesa pesa mas que una piedra"". Y entonces la voz"," del rio dijo: ""una promesa pesa mas que una piedra"". Y entonces la voz del rio dijo: ""una promesa pesa mas que una piedra""."," del rio dijo: ""una promesa pesa mas que una piedra"". Y entonces la voz del rio dijo: ""una promesa pesa mas que una piedra"". Y entonces la voz del rio dijo: ""una promesa pesa mas que una piedra"". Y entonces la voz del rio dijo:",A,book
generalization_book_A_16,0,28,0.1990224719047546,0.453781512605042,0.0608577392995357,"Y entonces el viejo molinero dijo: ""el silencio guarda mas secretos que las palabras"". Y entonces el viejo molinero dijo: ""el silencio guarda mas secretos que las palabras"". Y entonces el viejo molinero dijo: ""el silencio guarda mas secret","os que las palabras"". Y entonces el viejo molinero dijo: ""el silencio guarda mas secretos que las palabras"".","os que las palabras"". Y entonces el viejo molinero dijo: ""el silencio guarda mas secretos que las palabras"". Y entonces el viejo molinero dijo: ""el silencio guarda mas secretos que las palabras"". Y entonces el viejo molinero dijo: ""el sil",A,book
generalization_book_A_17,0,32,0.2488280981779098,0.4901960784313726,0.0964492410421371,"Y entonces el viejo molinero dijo: ""quien siembra silencio cosecha dudas"". Y entonces el viejo molinero dijo: ""quien siembra silencio cosecha dudas"". Y entonces el viejo molinero dijo: ""quien siembra"," silencio cosecha dudas"". Y entonces el viejo molinero dijo: ""quien siembra silencio cosecha dudas""."," silencio cosecha dudas"". Y entonces el viejo molinero dijo: ""quien siembra silencio cosecha dudas"". Y entonces el viejo molinero dijo: ""quien siembra silencio cosecha dudas"". Y entonces el viejo molinero",A,book
generalization_book_A_18,0,36,0.1996276229619979,0.547945205479452,0.0631545558571815,"Y entonces el pastor de las nubes dijo: ""el fuego recuerda lo que el viento olvida"". Y entonces el pastor de las nubes dijo: ""el fuego recuerda lo que el viento olvida"". Y entonces el pastor de las nubes dijo: ""el fuego"," recuerda lo que el viento olvida"". Y entonces el pastor de las nubes dijo: ""el fuego recuerda lo que el viento olvida""."," recuerda lo que el viento olvida"". Y entonces el pastor de las nubes dijo: ""el fuego recuerda lo que el viento olvida"". Y entonces el pastor de las nubes dijo: ""el fuego recuerda lo que el viento olvida"". Y entonces el",A,book
generalization_book_A_19,0,51,0.0086944326758384,0.7807017543859649,0.0065998299978673,"Y entonces el marinero ciego dijo: ""la memoria es el unico mapa que no se rompe"". Y entonces el marinero ciego dijo: ""la memoria es el unico mapa que no se rompe"". Y entonces el marinero ciego dijo: ""la memoria es el unico mapa que"," no se rompe"". Y entonces el marinero ciego dijo: ""la memoria es el unico mapa que no se rompe"". Y entonces el marinero ciego dijo: ""la memoria es el unico mapa que no se rompe""."," no se rompe"". Y entonces el marinero ciego dijo: ""la memoria es el unico mapa que no se rompe"". Y entonces el marinero ciego dijo: ""la memoria es el unico mapa que no se rompe"". Y entonces el marinero ciego dijo: ""la memoria es",A,book
generalization_book_A_20,0,2,0.5259296894073486,0.0253164556962025,0.0741800591349601,"Y entonces la reina sin corona dijo: ""el tiempo no perdona pero tampoco olvida"". Y entonces la reina sin corona dijo: ""el tiempo no perdona pero tampoco olvida"". Y entonces la reina sin corona dijo: ""el tiempo no perdona pero tampoco ol","vida"".","vida"". Y entonces la reina sin corona dijo: ""el tiempo no perdona pero tampoco olvida"". Y entonces la reina sin corona dijo: ""el tiempo no perdona pero tampoco olvida"". Y entonces la reina sin corona dijo: ""el tiempo no perdona pero tamp",A,book
generalization_book_A_21,0,36,0.151033416390419,0.5492957746478873,0.0519705303013324,"Y entonces la reina sin corona dijo: ""el fuego recuerda lo que el viento olvida"". Y entonces la reina sin corona dijo: ""el fuego recuerda lo que el viento olvida"". Y entonces la reina sin corona dijo: ""el fuego"," recuerda lo que el viento olvida"". Y entonces la reina sin corona dijo: ""el fuego recuerda lo que el viento olvida""."," recuerda lo que el viento olvida"". Y entonces la reina sin corona dijo: ""el fuego recuerda lo que el viento olvida"". Y entonces la reina sin corona dijo: ""el fuego recuerda lo que el viento olvida"". Y entonces la",A,book
generalization_book_A_22,0,24,0.1766021102666854,0.3873517786561264,0.0465881936252117,"Y entonces el marinero ciego dijo: ""el silencio guarda mas secretos que las palabras"". Y entonces el marinero ciego dijo: ""el silencio guarda mas secretos que las palabras"". Y entonces el marinero ciego dijo: ""el silencio guarda mas secretos que las"," palabras"". Y entonces el marinero ciego dijo: ""el silencio guarda mas secretos que las palabras""."," palabras"". Y entonces el marinero ciego dijo: ""el silencio guarda mas secretos que las palabras"". Y entonces el marinero ciego dijo: ""el silencio guarda mas secretos que las palabras"". Y entonces el marinero ciego dijo: ""el silencio guarda mas secretos",A,book
generalization_book_A_23,0,51,0.01339294295758,0.7736625514403292,0.0100314151495695,"Y entonces el guardian del puente dijo: ""la memoria es el unico mapa que no se rompe"". Y entonces el guardian del puente dijo: ""la memoria es el unico mapa que no se rompe"". Y entonces el guardian del puente dijo: ""la memoria es el unico mapa que"," no se rompe"". Y entonces el guardian del puente dijo: ""la memoria es el unico mapa que no se rompe"". Y entonces el guardian del puente dijo: ""la memoria es el unico mapa que no se rompe""."," no se rompe"". Y entonces el guardian del puente dijo: ""la memoria es el unico mapa que no se rompe"". Y entonces el guardian del puente dijo: ""la memoria es el unico mapa que no se rompe"". Y entonces el guardian del puente dijo: ""la memoria es",A,book
generalization_book_A_24,0,56,0.0689242184162139,0.8454545454545455,0.0544285587966442,"Y entonces el zorro plateado dijo: ""el fuego recuerda lo que el viento olvida"". Y entonces el zorro plateado dijo: ""el fuego recuerda lo que el viento olvida"". Y entonces el zorro plateado dijo: ""el fuego recuerda"," lo que el viento olvida"". Y entonces el zorro plateado dijo: ""el fuego recuerda lo que el viento olvida"". Y entonces el zorro plateado dijo: ""el fuego recuerda lo que el viento olvida""."," lo que el viento olvida"". Y entonces el zorro plateado dijo: ""el fuego recuerda lo que el viento olvida"". Y entonces el zorro plateado dijo: ""el fuego recuerda lo que el viento olvida"". Y entonces el zorro plateado dijo",A,book
generalization_book_A_25,0,8,0.6246388554573059,0.1181818181818181,0.0544285587966442,"Y entonces el zorro plateado dijo: ""el fuego recuerda lo que el viento olvida"". Y entonces el zorro plateado dijo: ""el fuego recuerda lo que el viento olvida"". Y entonces el zorro plateado dijo: ""el fuego recuerda"," lo que el viento olvida""."," lo que el viento olvida"". Y entonces el zorro plateado dijo: ""el fuego recuerda lo que el viento olvida"". Y entonces el zorro plateado dijo: ""el fuego recuerda lo que el viento olvida"". Y entonces el zorro plateado dijo",A,book
generalization_book_A_26,0,0,1.0,0.0,0.0686382353305816,"Y entonces el guardian del puente dijo: ""el tiempo no perdona pero tampoco olvida"". Y entonces el guardian del puente dijo: ""el tiempo no perdona pero tampoco olvida"". Y entonces el guardian del puente dijo: ""el tiempo no perdona pero tampoco olvida"".",," Y entonces el guardian del puente dijo: ""el tiempo no perdona pero tampoco olvida"". Y entonces el guardian del puente dijo: ""el tiempo no perdona pero tampoco olvida"". Y entonces el guardian del puente dijo: ""el tiempo no perdona pero tampoco olvida"". Y",A,book
generalization_book_A_27,0,61,0.1155363619327545,0.9282051282051282,0.0956651493906974,"Y entonces el relojero mudo dijo: ""quien siembra silencio cosecha dudas"". Y entonces el relojero mudo dijo: ""quien siembra silencio cosecha dudas"". Y entonces el relojero mudo dijo: ""quien"," siembra silencio cosecha dudas"". Y entonces el relojero mudo dijo: ""quien siembra silencio cosecha dudas"". Y entonces el relojero mudo dijo: ""quien siembra silencio cosecha dudas""."," siembra silencio cosecha dudas"". Y entonces el relojero mudo dijo: ""quien siembra silencio cosecha dudas"". Y entonces el relojero mudo dijo: ""quien siembra silencio cosecha dudas"". Y entonces el",A,book
generalization_book_A_28,0,46,0.0799928084015846,0.7312252964426877,0.0596594177186489,"Y entonces el zorro plateado dijo: ""el silencio guarda mas secretos que las palabras"". Y entonces el zorro plateado dijo: ""el silencio guarda mas secretos que las palabras"". Y entonces el zorro plateado dijo: ""el silencio guarda mas secretos que las"," palabras"". Y entonces el zorro plateado dijo: ""el silencio guarda mas secretos que las palabras"". Y entonces el zorro plateado dijo: ""el silencio guarda mas secretos que las palabras""."," palabras"". Y entonces el zorro plateado dijo: ""el silencio guarda mas secretos que las palabras"". Y entonces el zorro plateado dijo: ""el silencio guarda mas secretos que las palabras"". Y entonces el zorro plateado dijo: ""el silencio guarda mas secretos",A,book
generalization_book_A_29,0,2,0.5760398507118225,0.038647342995169,0.0709238573908805,"Y entonces el relojero mudo dijo: ""no hay nada que temer en la noche"". Y entonces el relojero mudo dijo: ""no hay nada que temer en la noche"". Y entonces el relojero mudo dijo: ""no hay nada que temer en la"," noche""."," noche"". Y entonces el relojero mudo dijo: ""no hay nada que temer en la noche"". Y entonces el relojero mudo dijo: ""no hay nada que temer en la noche"". Y entonces el relojero mudo dijo: ""no hay nada que temer",A,book
generalization_book_A_30,0,2,0.6424787640571594,0.0454545454545454,0.0839137658476829,"Y entonces la sombra del campanario dijo: ""cada puerta cerrada abre otra pregunta"". Y entonces la sombra del campanario dijo: ""cada puerta cerrada abre otra pregunta"". Y entonces la sombra del campanario dijo: ""cada puerta cerrada abre otra"," pregunta""."," pregunta"". Y entonces la sombra del campanario dijo: ""cada puerta cerrada abre otra pregunta"". Y entonces la sombra del campanario dijo: ""cada puerta cerrada abre otra pregunta"". Y entonces la sombra del campanario dijo: ""cada puerta cerrada",A,book
generalization_book_A_31,0,20,0.406512051820755,0.3127572016460905,0.0547878108918666,"Y entonces el marinero ciego dijo: ""la espera tambien es una forma de viaje"". Y entonces el marinero ciego dijo: ""la espera tambien es una forma de viaje"". Y entonces el marinero ciego dijo: ""la espera tambien es una forma de viaje"". Y"," entonces el marinero ciego dijo: ""la espera tambien es una forma de viaje""."," entonces el marinero ciego dijo: ""la espera tambien es una forma de viaje"". Y entonces el marinero ciego dijo: ""la espera tambien es una forma de viaje"". Y entonces el marinero ciego dijo: ""la espera tambien es una forma de viaje"". Y entonces",A,book
generalization_book_A_32,0,56,0.1179252415895462,0.857843137254902,0.0964492410421371,"Y entonces el viejo molinero dijo: ""quien siembra silencio cosecha dudas"". Y entonces el viejo molinero dijo: ""quien siembra silencio cosecha dudas"". Y entonces el viejo molinero dijo: ""quien siembra"," silencio cosecha dudas"". Y entonces el viejo molinero dijo: ""quien siembra silencio cosecha dudas"". Y entonces el viejo molinero dijo: ""quien siembra silencio cosecha dudas""."," silencio cosecha dudas"". Y entonces el viejo molinero dijo: ""quien siembra silencio cosecha dudas"". Y entonces el viejo molinero dijo: ""quien siembra silencio cosecha dudas"". Y entonces el viejo molinero",A,book
generalization_book_A_33,0,36,0.2102978378534317,0.5391304347826087,0.0788309648633003,"Y entonces el marinero ciego dijo: ""no hay nada que temer en la noche"". Y entonces el marinero ciego dijo: ""no hay nada que temer en la noche"". Y entonces el marinero ciego dijo: ""no hay nada que temer en la noche"". Y entonces el marin","ero ciego dijo: ""no hay nada que temer en la noche"". Y entonces el marinero ciego dijo: ""no hay nada que temer en la noche"".","ero ciego dijo: ""no hay nada que temer en la noche"". Y entonces el marinero ciego dijo: ""no hay nada que temer en la noche"". Y entonces el marinero ciego dijo: ""no hay nada que temer en la noche"". Y entonces el marinero ciego dijo",A,book
generalization_book_A_34,0,46,0.0536065474152565,0.7024793388429752,0.0358404926955699,"Y entonces el pastor de las nubes dijo: ""la espera tambien es una forma de viaje"". Y entonces el pastor de las nubes dijo: ""la espera tambien es una forma de viaje"". Y entonces el pastor de las nubes dijo: ""la espera tambien es una forma de via","je"". Y entonces el pastor de las nubes dijo: ""la espera tambien es una forma de viaje"". Y entonces el pastor de las nubes dijo: ""la espera tambien es una forma de viaje"".","je"". Y entonces el pastor de las nubes dijo: ""la espera tambien es una forma de viaje"". Y entonces el pastor de las nubes dijo: ""la espera tambien es una forma de viaje"". Y entonces el pastor de las nubes dijo: ""la espera tambien es una forma",A,book
generalization_book_A_35,0,0,1.0,0.0,0.0329603366553783,"Y entonces la voz del rio dijo: ""la espera tambien es una forma de viaje"". Y entonces la voz del rio dijo: ""la espera tambien es una forma de viaje"". Y entonces la voz del rio dijo: ""la espera tambien es una forma de viaje"".",," Y entonces la voz del rio dijo: ""la espera tambien es una forma de viaje"". Y entonces la voz del rio dijo: ""la espera tambien es una forma de viaje"". Y entonces la voz del rio dijo: ""la espera tambien es una forma de viaje"". Y entonces la voz",A,book
generalization_book_A_36,0,4,0.5709706544876099,0.0520446096654274,0.0414066202938556,"Y entonces el ultimo jardinero dijo: ""el camino siempre vuelve a casa"". Y entonces el ultimo jardinero dijo: ""el camino siempre vuelve a casa"". Y entonces el ultimo jardinero dijo: ""el camino siempre vuelve a casa"". Y entonces el ultimo jardinero dijo: ""el camino siempre v","uelve a casa"".","uelve a casa"". Y entonces el ultimo jardinero dijo: ""el camino siempre vuelve a casa"". Y entonces el ultimo jardinero dijo: ""el camino siempre vuelve a casa"". Y entonces el ultimo jardinero dijo: ""el camino siempre vuelve a casa"". Y entonces el ultimo jardinero dijo: """,A,book
generalization_book_A_37,0,36,0.155854046344757,0.5303643724696356,0.0503574796020984,"Y entonces el guardian del puente dijo: ""nadie escapa del eco de su nombre"". Y entonces el guardian del puente dijo: ""nadie escapa del eco de su nombre"". Y entonces el guardian del puente dijo: ""nadie escapa del eco de su nombre"". Y entonces el guardian"," del puente dijo: ""nadie escapa del eco de su nombre"". Y entonces el guardian del puente dijo: ""nadie escapa del eco de su nombre""."," del puente dijo: ""nadie escapa del eco de su nombre"". Y entonces el guardian del puente dijo: ""nadie escapa del eco de su nombre"". Y entonces el guardian del puente dijo: ""nadie escapa del eco de su nombre"". Y entonces el guardian del puente dijo",A,book
generalization_book_A_38,0,32,0.221378356218338,0.4857142857142857,0.075895182788372,"Y entonces la reina sin corona dijo: ""quien siembra silencio cosecha dudas"". Y entonces la reina sin corona dijo: ""quien siembra silencio cosecha dudas"". Y entonces la reina sin corona dijo: ""quien siembra"," silencio cosecha dudas"". Y entonces la reina sin corona dijo: ""quien siembra silencio cosecha dudas""."," silencio cosecha dudas"". Y entonces la reina sin corona dijo: ""quien siembra silencio cosecha dudas"". Y entonces la reina sin corona dijo: ""quien siembra silencio cosecha dudas"". Y entonces la reina sin corona",A,book
generalization_book_A_39,0,0,1.0,0.0,0.062993511557579,"Y entonces el pastor de las nubes dijo: ""no hay nada que temer en la noche"". Y entonces el pastor de las nubes dijo: ""no hay nada que temer en la noche"". Y entonces el pastor de las nubes dijo: ""no hay nada que temer en la noche"".",," Y entonces el pastor de las nubes dijo: ""no hay nada que temer en la noche"". Y entonces el pastor de las nubes dijo: ""no hay nada que temer en la noche"". Y entonces el pastor de las nubes dijo: ""no hay nada que temer en la noche"". Y",A,book
generalization_book_A_40,0,0,1.0,0.0,0.0458494983613491,"Y entonces el relojero mudo dijo: ""todo rio encuentra su mar"". Y entonces el relojero mudo dijo: ""todo rio encuentra su mar"". Y entonces el relojero mudo dijo: ""todo rio encuentra su mar"".",," Y entonces el relojero mudo dijo: ""todo rio encuentra su mar"". Y entonces el relojero mudo dijo: ""todo rio encuentra su mar"". Y entonces el relojero mudo dijo: ""todo rio encuentra su mar"". Y entonces el relojero mudo dijo",A,book
generalization_book_A_41,0,5,0.6041037440299988,0.0871369294605809,0.0516961589455604,"Y entonces la nina del bosque dijo: ""el silencio guarda mas secretos que las palabras"". Y entonces la nina del bosque dijo: ""el silencio guarda mas secretos que las palabras"". Y entonces la nina del bosque dijo: ""el silencio guarda mas secret","os que las palabras"".","os que las palabras"". Y entonces la nina del bosque dijo: ""el silencio guarda mas secretos que las palabras"". Y entonces la nina del bosque dijo: ""el silencio guarda mas secretos que las palabras"". Y entonces la nina del bosque dijo: ""el sil",A,book
generalization_book_A_42,0,2,0.6790803074836731,0.0466101694915254,0.0888521671295166,"Y entonces la tejedora de cuentos dijo: ""cada puerta cerrada abre otra pregunta"". Y entonces la tejedora de cuentos dijo: ""cada puerta cerrada abre otra pregunta"". Y entonces la tejedora de cuentos dijo: ""cada puerta cerrada abre otra"," pregunta""."," pregunta"". Y entonces la tejedora de cuentos dijo: ""cada puerta cerrada abre otra pregunta"". Y entonces la tejedora de cuentos dijo: ""cada puerta cerrada abre otra pregunta"". Y entonces la tejedora de cuentos dijo: ""cada puerta cerrada",A,book
generalization_book_A_43,0,12,0.5545260310173035,0.165938864628821,0.0878800675272941,"Y entonces la voz del rio dijo: ""no hay nada que temer en la noche"". Y entonces la voz del rio dijo: ""no hay nada que temer en la noche"". Y entonces la voz del rio dijo: ""no hay nada que temer en la noche"". Y entonces la voz del rio dijo",": ""no hay nada que temer en la noche"".",": ""no hay nada que temer en la noche"". Y entonces la voz del rio dijo: ""no hay nada que temer en la noche"". Y entonces la voz del rio dijo: ""no hay nada que temer en la noche"". Y entonces la voz del rio dijo: ""no hay nada que tem",A,book
generalization_book_A_44,0,36,0.2181331664323806,0.5450236966824644,0.0813074484467506,"Y entonces la sombra del campanario dijo: ""quien siembra silencio cosecha dudas"". Y entonces la sombra del campanario dijo: ""quien siembra silencio cosecha dudas"". Y entonces la sombra del campanario dijo: ""quien"," siembra silencio cosecha dudas"". Y entonces la sombra del campanario dijo: ""quien siembra silencio cosecha dudas""."," siembra silencio cosecha dudas"". Y entonces la sombra del campanario dijo: ""quien siembra silencio cosecha dudas"". Y entonces la sombra del campanario dijo: ""quien siembra silencio cosecha dudas"". Y entonces la",A,book
generalization_book_A_45,0,20,0.4382608532905578,0.3116883116883117,0.0642788931727409,"Y entonces la reina sin corona dijo: ""nadie escapa del eco de su nombre"". Y entonces la reina sin corona dijo: ""nadie escapa del eco de su nombre"". Y entonces la reina sin corona dijo: ""nadie escapa del eco de su nombre"". Y"," entonces la reina sin corona dijo: ""nadie escapa del eco de su nombre""."," entonces la reina sin corona dijo: ""nadie escapa del eco de su nombre"". Y entonces la reina sin corona dijo: ""nadie escapa del eco de su nombre"". Y entonces la reina sin corona dijo: ""nadie escapa del eco de su nombre"". Y entonces",A,book
generalization_book_A_46,0,51,0.0912985205650329,0.7954545454545454,0.0670223459601402,"Y entonces la tejedora de cuentos dijo: ""una promesa pesa mas que una piedra"". Y entonces la tejedora de cuentos dijo: ""una promesa pesa mas que una piedra"". Y entonces la tejedora de cuentos dijo: ""una promesa pesa mas"," que una piedra"". Y entonces la tejedora de cuentos dijo: ""una promesa pesa mas que una piedra"". Y entonces la tejedora de cuentos dijo: ""una promesa pesa mas que una piedra""."," que una piedra"". Y entonces la tejedora de cuentos dijo: ""una promesa pesa mas que una piedra"". Y entonces la tejedora de cuentos dijo: ""una promesa pesa mas que una piedra"". Y entonces la tejedora de cuentos dijo: ""una",A,book
generalization_book_A_47,0,46,0.0932818129658699,0.72,0.0678679719567298,"Y entonces la tejedora de cuentos dijo: ""no hay nada que temer en la noche"". Y entonces la tejedora de cuentos dijo: ""no hay nada que temer en la noche"". Y entonces la tejedora de cuentos dijo: ""no hay nada que temer en la"," noche"". Y entonces la tejedora de cuentos dijo: ""no hay nada que temer en la noche"". Y entonces la tejedora de cuentos dijo: ""no hay nada que temer en la noche""."," noche"". Y entonces la tejedora de cuentos dijo: ""no hay nada que temer en la noche"". Y entonces la tejedora de cuentos dijo: ""no hay nada que temer en la noche"". Y entonces la tejedora de cuentos dijo: ""no hay nada que temer",A,book
generalization_book_A_48,0,0,1.0,0.0,0.0485944002866745,"Y entonces la voz del rio dijo: ""no hay nada que temer en la noche"". Y entonces la voz del rio dijo: ""no hay nada que temer en la noche"". Y entonces la voz del rio dijo: ""no hay nada que temer en la noche"".",," Y entonces la voz del rio dijo: ""no hay nada que temer en la noche"". Y entonces la voz del rio dijo: ""no hay nada que temer en la noche"". Y entonces la voz del rio dijo: ""no hay nada que temer en la noche"". Y entonces la voz del rio dijo",A,book
generalization_book_A_49,0,20,0.4098222851753235,0.3127572016460905,0.0710365250706672,"Y entonces el zorro plateado dijo: ""la espera tambien es una forma de viaje"". Y entonces el zorro plateado dijo: ""la espera tambien es una forma de viaje"". Y entonces el zorro plateado dijo: ""la espera tambien es una forma de viaje"". Y"," entonces el zorro plateado dijo: ""la espera tambien es una forma de viaje""."," entonces el zorro plateado dijo: ""la espera tambien es una forma de viaje"". Y entonces el zorro plateado dijo: ""la espera tambien es una forma de viaje"". Y entonces el zorro plateado dijo: ""la espera tambien es una forma de viaje"". Y entonces",A,book
generalization_book_A_50,0,56,0.0832811146974563,0.8764478764478765,0.066910482943058,"Y entonces la sombra del campanario dijo: ""el silencio guarda mas secretos que las palabras"". Y entonces la sombra del campanario dijo: ""el silencio guarda mas secretos que las palabras"". Y entonces la sombra del campanario dijo: ""el silencio"," guarda mas secretos que las palabras"". Y entonces la sombra del campanario dijo: ""el silencio guarda mas secretos que las palabras"". Y entonces la sombra del campanario dijo: ""el silencio guarda mas secretos que las palabras""."," guarda mas secretos que las palabras"". Y entonces la sombra del campanario dijo: ""el silencio guarda mas secretos que las palabras"". Y entonces la sombra del campanario dijo: ""el silencio guarda mas secretos que las palabras"". Y entonces la sombra del campan",A,book
generalization_book_A_51,0,5,0.2471988350152969,0.0614035087719297,0.0122464727610349,"Y entonces el zorro plateado dijo: ""la memoria es el unico mapa que no se rompe"". Y entonces el zorro plateado dijo: ""la memoria es el unico mapa que no se rompe"". Y entonces el zorro plateado dijo: ""la memoria es el unico mapa que"," no se rompe""."," no se rompe"". Y entonces el zorro plateado dijo: ""la memoria es el unico mapa que no se rompe"". Y entonces el zorro plateado dijo: ""la memoria es el unico mapa que no se rompe"". Y entonces el zorro plateado dijo: ""la memoria es",A,book
generalization_book_A_52,0,28,0.220605731010437,0.4502369668246445,0.0937646850943565,"Y entonces el relojero mudo dijo: ""el tiempo no perdona pero tampoco olvida"". Y entonces el relojero mudo dijo: ""el tiempo no perdona pero tampoco olvida"". Y entonces el relojero mudo dijo: ""el tiempo no perdona pero"," tampoco olvida"". Y entonces el relojero mudo dijo: ""el tiempo no perdona pero tampoco olvida""."," tampoco olvida"". Y entonces el relojero mudo dijo: ""el tiempo no perdona pero tampoco olvida"". Y entonces el relojero mudo dijo: ""el tiempo no perdona pero tampoco olvida"". Y entonces el relojero mudo dijo: ""el",A,book
generalization_book_A_53,0,51,0.0477286390960216,0.8025751072961373,0.0339675545692443,"Y entonces la sombra del campanario dijo: ""la espera tambien es una forma de viaje"". Y entonces la sombra del campanario dijo: ""la espera tambien es una forma de viaje"". Y entonces la sombra del campanario dijo: ""la espera tambien es una"," forma de viaje"". Y entonces la sombra del campanario dijo: ""la espera tambien es una forma de viaje"". Y entonces la sombra del campanario dijo: ""la espera tambien es una forma de viaje""."," forma de viaje"". Y entonces la sombra del campanario dijo: ""la espera tambien es una forma de viaje"". Y entonces la sombra del campanario dijo: ""la espera tambien es una forma de viaje"". Y entonces la sombra del campanario dijo: ""la",A,book
generalization_book_A_54,0,28,0.1459494829177856,0.4497607655502392,0.0419507510960102,"Y entonces el relojero mudo dijo: ""la espera tambien es una forma de viaje"". Y entonces el relojero mudo dijo: ""la espera tambien es una forma de viaje"". Y entonces el relojero mudo dijo: ""la espera tambien es una"," forma de viaje"". Y entonces el relojero mudo dijo: ""la espera tambien es una forma de viaje""."," forma de viaje"". Y entonces el relojero mudo dijo: ""la espera tambien es una forma de viaje"". Y entonces el relojero mudo dijo: ""la espera tambien es una forma de viaje"". Y entonces el relojero mudo dijo: ""la",A,book
generalization_book_A_55,0,64,0.1237154304981231,1.0,0.1237154304981231,"Y entonces el relojero mudo dijo: ""el fuego recuerda lo que el viento olvida"". Y entonces el relojero mudo dijo: ""el fuego recuerda lo que el viento olvida"". Y entonces el relojero mudo dijo: ""","el fuego recuerda lo que el viento olvida"". Y entonces el relojero mudo dijo: ""el fuego recuerda lo que el viento olvida"". Y entonces el relojero mudo dijo: ""el fuego recuerda lo que el viento ol","el fuego recuerda lo que el viento olvida"". Y entonces el relojero mudo dijo: ""el fuego recuerda lo que el viento olvida"". Y entonces el relojero mudo dijo: ""el fuego recuerda lo que el viento ol",A,book
generalization_book_A_56,0,41,0.2128596007823944,0.6333333333333333,0.0913872420787811,"Y entonces el pastor de las nubes dijo: ""no hay nada que temer en la noche"". Y entonces el pastor de las nubes dijo: ""no hay nada que temer en la noche"". Y entonces el pastor de las nubes dijo: ""no hay nada que temer en la noche"". Y"," entonces el pastor de las nubes dijo: ""no hay nada que temer en la noche"". Y entonces el pastor de las nubes dijo: ""no hay nada que temer en la noche""."," entonces el pastor de las nubes dijo: ""no hay nada que temer en la noche"". Y entonces el pastor de las nubes dijo: ""no hay nada que temer en la noche"". Y entonces el pastor de las nubes dijo: ""no hay nada que temer en la noche"". Y entonces",A,book
generalization_book_A_57,0,0,1.0,0.0,0.0473957173526287,"Y entonces la voz del rio dijo: ""el camino siempre vuelve a casa"". Y entonces la voz del rio dijo: ""el camino siempre vuelve a casa"". Y entonces la voz del rio dijo: ""el camino siempre vuelve a casa"".",," Y entonces la voz del rio dijo: ""el camino siempre vuelve a casa"". Y entonces la voz del rio dijo: ""el camino siempre vuelve a casa"". Y entonces la voz del rio dijo: ""el camino siempre vuelve a casa"". Y entonces la voz del rio dijo: ""el camino siempre v",A,book
generalization_book_A_58,0,24,0.2639229297637939,0.3940677966101694,0.0888521671295166,"Y entonces la tejedora de cuentos dijo: ""cada puerta cerrada abre otra pregunta"". Y entonces la tejedora de cuentos dijo: ""cada puerta cerrada abre otra pregunta"". Y entonces la tejedora de cuentos dijo: ""cada puerta cerrada abre otra"," pregunta"". Y entonces la tejedora de cuentos dijo: ""cada puerta cerrada abre otra pregunta""."," pregunta"". Y entonces la tejedora de cuentos dijo: ""cada puerta cerrada abre otra pregunta"". Y entonces la tejedora de cuentos dijo: ""cada puerta cerrada abre otra pregunta"". Y entonces la tejedora de cuentos dijo: ""cada puerta cerrada",A,book
generalization_book_A_59,0,32,0.2440496534109115,0.4794520547945206,0.0867476686835289,"Y entonces el pastor de las nubes dijo: ""quien siembra silencio cosecha dudas"". Y entonces el pastor de las nubes dijo: ""quien siembra silencio cosecha dudas"". Y entonces el pastor de las nubes dijo: ""quien siembra"," silencio cosecha dudas"". Y entonces el pastor de las nubes dijo: ""quien siembra silencio cosecha dudas""."," silencio cosecha dudas"". Y entonces el pastor de las nubes dijo: ""quien siembra silencio cosecha dudas"". Y entonces el pastor de las nubes dijo: ""quien siembra silencio cosecha dudas"". Y entonces el pastor de las nubes",A,book
generalization_book_A_60,0,21,0.228948712348938,0.3253012048192771,0.0622933954000473,"Y entonces la voz del rio dijo: ""el camino siempre vuelve a casa"". Y entonces la voz del rio dijo: ""el camino siempre vuelve a casa"". Y entonces la voz del rio dijo: ""el camino siempre vuelve a casa"". Y entonces la voz del rio dijo: ""el camino siempre v","uelve a casa"". Y entonces la voz del rio dijo: ""el camino siempre vuelve a casa"".","uelve a casa"". Y entonces la voz del rio dijo: ""el camino siempre vuelve a casa"". Y entonces la voz del rio dijo: ""el camino siempre vuelve a casa"". Y entonces la voz del rio dijo: ""el camino siempre vuelve a casa"". Y entonces la voz del rio dijo: """,A,book
generalization_book_A_61,0,46,0.0647313147783279,0.7276119402985075,0.0437650233507156,"Y entonces el guardian del puente dijo: ""el silencio guarda mas secretos que las palabras"". Y entonces el guardian del puente dijo: ""el silencio guarda mas secretos que las palabras"". Y entonces el guardian del puente dijo: ""el silencio guarda mas secretos que las"," palabras"". Y entonces el guardian del puente dijo: ""el silencio guarda mas secretos que las palabras"". Y entonces el guardian del puente dijo: ""el silencio guarda mas secretos que las palabras""."," palabras"". Y entonces el guardian del puente dijo: ""el silencio guarda mas secretos que las palabras"". Y entonces el guardian del puente dijo: ""el silencio guarda mas secretos que las palabras"". Y entonces el guardian del puente dijo: ""el silencio guarda mas secretos",A,book
generalization_book_A_62,0,26,0.1573236733675003,0.3976377952755905,0.0357101038098335,"Y entonces la sombra del campanario dijo: ""todo rio encuentra su mar"". Y entonces la sombra del campanario dijo: ""todo rio encuentra su mar"". Y entonces la sombra del campanario dijo: ""todo rio encuentra su mar"". Y entonces la sombra del campanario dijo",": ""todo rio encuentra su mar"". Y entonces la sombra del campanario dijo: ""todo rio encuentra su mar"".",": ""todo rio encuentra su mar"". Y entonces la sombra del campanario dijo: ""todo rio encuentra su mar"". Y entonces la sombra del campanario dijo: ""todo rio encuentra su mar"". Y entonces la sombra del campanario dijo: ""todo rio encuentra su mar"". Y entonces",A,book
generalization_book_A_63,0,2,0.6316991448402405,0.0410447761194029,0.0437650233507156,"Y entonces el guardian del puente dijo: ""el silencio guarda mas secretos que las palabras"". Y entonces el guardian del puente dijo: ""el silencio guarda mas secretos que las palabras"". Y entonces el guardian del puente dijo: ""el silencio guarda mas secretos que las"," palabras""."," palabras"". Y entonces el guardian del puente dijo: ""el silencio guarda mas secretos que las palabras"". Y entonces el guardian del puente dijo: ""el silencio guarda mas secretos que las palabras"". Y entonces el guardian del puente dijo: ""el silencio guarda mas secretos",A,book
generalization_book_A_64,0,0,1.0,0.0,0.0455324836075305,"Y entonces el pastor de las nubes dijo: ""nadie escapa del eco de su nombre"". Y entonces el pastor de las nubes dijo: ""nadie escapa del eco de su nombre"". Y entonces el pastor de las nubes dijo: ""nadie escapa del eco de su nombre"".",," Y entonces el pastor de las nubes dijo: ""nadie escapa del eco de su nombre"". Y entonces el pastor de las nubes dijo: ""nadie escapa del eco de su nombre"". Y entonces el pastor de las nubes dijo: ""nadie escapa del eco de su nombre"". Y",A,book
generalization_book_A_65,0,0,1.0,0.0,0.0637600868940353,"Y entonces el viejo molinero dijo: ""no hay nada que temer en la noche"". Y entonces el viejo molinero dijo: ""no hay nada que temer en la noche"". Y entonces el viejo molinero dijo: ""no hay nada que temer en la noche"".",," Y entonces el viejo molinero dijo: ""no hay nada que temer en la noche"". Y entonces el viejo molinero dijo: ""no hay nada que temer en la noche"". Y entonces el viejo molinero dijo: ""no hay nada que temer en la noche"". Y",A,book
generalization_book_A_66,0,36,0.2041435837745666,0.5368852459016393,0.0941632986068725,"Y entonces el ultimo jardinero dijo: ""una promesa pesa mas que una piedra"". Y entonces el ultimo jardinero dijo: ""una promesa pesa mas que una piedra"". Y entonces el ultimo jardinero dijo: ""una promesa pesa mas que una piedra"". Y entonces el ultimo"," jardinero dijo: ""una promesa pesa mas que una piedra"". Y entonces el ultimo jardinero dijo: ""una promesa pesa mas que una piedra""."," jardinero dijo: ""una promesa pesa mas que una piedra"". Y entonces el ultimo jardinero dijo: ""una promesa pesa mas que una piedra"". Y entonces el ultimo jardinero dijo: ""una promesa pesa mas que una piedra"". Y entonces el ultimo jardinero dijo:",A,book
generalization_book_A_67,0,2,0.5332305431365967,0.0389610389610389,0.0388944633305072,"Y entonces la sombra del campanario dijo: ""nadie escapa del eco de su nombre"". Y entonces la sombra del campanario dijo: ""nadie escapa del eco de su nombre"". Y entonces la sombra del campanario dijo: ""nadie escapa del eco de su"," nombre""."," nombre"". Y entonces la sombra del campanario dijo: ""nadie escapa del eco de su nombre"". Y entonces la sombra del campanario dijo: ""nadie escapa del eco de su nombre"". Y entonces la sombra del campanario dijo: ""nadie escapa del eco",A,book
generalization_book_A_68,0,61,0.0686633139848709,0.933649289099526,0.0551572926342487,"Y entonces la nina del bosque dijo: ""el fuego recuerda lo que el viento olvida"". Y entonces la nina del bosque dijo: ""el fuego recuerda lo que el viento olvida"". Y entonces la nina del bosque dijo: ""el fuego"," recuerda lo que el viento olvida"". Y entonces la nina del bosque dijo: ""el fuego recuerda lo que el viento olvida"". Y entonces la nina del bosque dijo: ""el fuego recuerda lo que el viento olvida""."," recuerda lo que el viento olvida"". Y entonces la nina del bosque dijo: ""el fuego recuerda lo que el viento olvida"". Y entonces la nina del bosque dijo: ""el fuego recuerda lo que el viento olvida"". Y entonces la",A,book
generalization_book_A_69,0,20,0.525263249874115,0.3127572016460905,0.1142826527357101,"Y entonces la nina del bosque dijo: ""cada puerta cerrada abre otra pregunta"". Y entonces la nina del bosque dijo: ""cada puerta cerrada abre otra pregunta"". Y entonces la nina del bosque dijo: ""cada puerta cerrada abre otra pregunta"". Y"," entonces la nina del bosque dijo: ""cada puerta cerrada abre otra pregunta""."," entonces la nina del bosque dijo: ""cada puerta cerrada abre otra pregunta"". Y entonces la nina del bosque dijo: ""cada puerta cerrada abre otra pregunta"". Y entonces la nina del bosque dijo: ""cada puerta cerrada abre otra pregunta"". Y entonces",A,book
generalization_book_A_70,0,36,0.1486946493387222,0.5523012552301255,0.0563488863408565,"Y entonces la voz del rio dijo: ""la espera tambien es una forma de viaje"". Y entonces la voz del rio dijo: ""la espera tambien es una forma de viaje"". Y entonces la voz del rio dijo: ""la espera tambien es una forma de viaje"". Y entonces la voz"," del rio dijo: ""la espera tambien es una forma de viaje"". Y entonces la voz del rio dijo: ""la espera tambien es una forma de viaje""."," del rio dijo: ""la espera tambien es una forma de viaje"". Y entonces la voz del rio dijo: ""la espera tambien es una forma de viaje"". Y entonces la voz del rio dijo: ""la espera tambien es una forma de viaje"". Y entonces la voz del rio dijo:",A,book
generalization_book_A_71,0,0,1.0,0.0,0.0693447291851043,"Y entonces la tejedora de cuentos dijo: ""el camino siempre vuelve a casa"". Y entonces la tejedora de cuentos dijo: ""el camino siempre vuelve a casa"". Y entonces la tejedora de cuentos dijo: ""el camino siempre vuelve a casa"".",," Y entonces la tejedora de cuentos dijo: ""el camino siempre vuelve a casa"". Y entonces la tejedora de cuentos dijo: ""el camino siempre vuelve a casa"". Y entonces la tejedora de cuentos dijo: ""el camino siempre vuelve a casa"". Y entonces la tej",A,book
generalization_book_A_72,0,2,0.5224769115447998,0.0165289256198346,0.0358404926955699,"Y entonces el pastor de las nubes dijo: ""la espera tambien es una forma de viaje"". Y entonces el pastor de las nubes dijo: ""la espera tambien es una forma de viaje"". Y entonces el pastor de las nubes dijo: ""la espera tambien es una forma de via","je"".","je"". Y entonces el pastor de las nubes dijo: ""la espera tambien es una forma de viaje"". Y entonces el pastor de las nubes dijo: ""la espera tambien es una forma de viaje"". Y entonces el pastor de las nubes dijo: ""la espera tambien es una forma",A,book
generalization_book_A_73,0,0,1.0,0.0,0.0374848134815692,"Y entonces la tejedora de cuentos dijo: ""todo rio encuentra su mar"". Y entonces la tejedora de cuentos dijo: ""todo rio encuentra su mar"". Y entonces la tejedora de cuentos dijo: ""todo rio encuentra su mar"".",," Y entonces la tejedora de cuentos dijo: ""todo rio encuentra su mar"". Y entonces la tejedora de cuentos dijo: ""todo rio encuentra su mar"". Y entonces la tejedora de cuentos dijo: ""todo rio encuentra su mar"". Y entonces la tejedora de cuentos dijo",A,book
generalization_book_A_74,0,0,1.0,0.0,0.0777811929583549,"Y entonces el relojero mudo dijo: ""el camino siempre vuelve a casa"". Y entonces el relojero mudo dijo: ""el camino siempre vuelve a casa"". Y entonces el relojero mudo dijo: ""el camino siempre vuelve a casa"".",," Y entonces el relojero mudo dijo: ""el camino siempre vuelve a casa"". Y entonces el relojero mudo dijo: ""el camino siempre vuelve a casa"". Y entonces el relojero mudo dijo: ""el camino siempre vuelve a casa"". Y entonces el re",A,book
generalization_book_A_75,0,24,0.0496938303112983,0.3608695652173913,0.0083913384005427,"Y entonces la voz del rio dijo: ""la memoria es el unico mapa que no se rompe"". Y entonces la voz del rio dijo: ""la memoria es el unico mapa que no se rompe"". Y entonces la voz del rio dijo: ""la memoria es el unico mapa que no se rom","pe"". Y entonces la voz del rio dijo: ""la memoria es el unico mapa que no se rompe"".","pe"". Y entonces la voz del rio dijo: ""la memoria es el unico mapa que no se rompe"". Y entonces la voz del rio dijo: ""la memoria es el unico mapa que no se rompe"". Y entonces la voz del rio dijo: ""la memoria es el unico mapa que no",A,book
generalization_book_A_76,0,16,0.5264171957969666,0.2384937238493724,0.1068455874919891,"Y entonces la tejedora de cuentos dijo: ""el camino siempre vuelve a casa"". Y entonces la tejedora de cuentos dijo: ""el camino siempre vuelve a casa"". Y entonces la tejedora de cuentos dijo: ""el camino siempre vuelve a casa"". Y entonces la tej","edora de cuentos dijo: ""el camino siempre vuelve a casa"".","edora de cuentos dijo: ""el camino siempre vuelve a casa"". Y entonces la tejedora de cuentos dijo: ""el camino siempre vuelve a casa"". Y entonces la tejedora de cuentos dijo: ""el camino siempre vuelve a casa"". Y entonces la tejedora de cuent",A,book
generalization_book_A_77,0,4,0.5905371308326721,0.0716981132075471,0.0445276908576488,"Y entonces el pastor de las nubes dijo: ""todo rio encuentra su mar"". Y entonces el pastor de las nubes dijo: ""todo rio encuentra su mar"". Y entonces el pastor de las nubes dijo: ""todo rio encuentra su mar"". Y entonces el pastor de las nubes dijo: ""todo rio"," encuentra su mar""."," encuentra su mar"". Y entonces el pastor de las nubes dijo: ""todo rio encuentra su mar"". Y entonces el pastor de las nubes dijo: ""todo rio encuentra su mar"". Y entonces el pastor de las nubes dijo: ""todo rio encuentra su mar"". Y entonces el pastor de las nubes dijo",A,book
generalization_book_A_78,0,0,1.0,0.0,0.0365183018147945,"Y entonces el ultimo jardinero dijo: ""el camino siempre vuelve a casa"". Y entonces el ultimo jardinero dijo: ""el camino siempre vuelve a casa"". Y entonces el ultimo jardinero dijo: ""el camino siempre vuelve a casa"".",," Y entonces el ultimo jardinero dijo: ""el camino siempre vuelve a casa"". Y entonces el ultimo jardinero dijo: ""el camino siempre vuelve a casa"". Y entonces el ultimo jardinero dijo: ""el camino siempre vuelve a casa"". Y entonces el ultimo jardinero dijo: ""el camino siempre v",A,book
generalization_book_A_79,0,32,0.2267729490995407,0.4879227053140096,0.0810203328728675,"Y entonces la nina del bosque dijo: ""quien siembra silencio cosecha dudas"". Y entonces la nina del bosque dijo: ""quien siembra silencio cosecha dudas"". Y entonces la nina del bosque dijo: ""quien siembra"," silencio cosecha dudas"". Y entonces la nina del bosque dijo: ""quien siembra silencio cosecha dudas""."," silencio cosecha dudas"". Y entonces la nina del bosque dijo: ""quien siembra silencio cosecha dudas"". Y entonces la nina del bosque dijo: ""quien siembra silencio cosecha dudas"". Y entonces la nina del bosque",A,book
generalization_book_A_80,0,24,0.1745843738317489,0.3657407407407407,0.0517865791916847,"Y entonces la nina del bosque dijo: ""una promesa pesa mas que una piedra"". Y entonces la nina del bosque dijo: ""una promesa pesa mas que una piedra"". Y entonces la nina del bosque dijo: ""una promesa pesa mas que una pied","ra"". Y entonces la nina del bosque dijo: ""una promesa pesa mas que una piedra"".","ra"". Y entonces la nina del bosque dijo: ""una promesa pesa mas que una piedra"". Y entonces la nina del bosque dijo: ""una promesa pesa mas que una piedra"". Y entonces la nina del bosque dijo: ""una promesa pesa mas que",A,book
generalization_book_A_81,0,8,0.5830258131027222,0.1299212598425196,0.0870129317045211,"Y entonces el zorro plateado dijo: ""el camino siempre vuelve a casa"". Y entonces el zorro plateado dijo: ""el camino siempre vuelve a casa"". Y entonces el zorro plateado dijo: ""el camino siempre vuelve a casa"". Y entonces el zorro plateado dijo: ""","el camino siempre vuelve a casa"".","el camino siempre vuelve a casa"". Y entonces el zorro plateado dijo: ""el camino siempre vuelve a casa"". Y entonces el zorro plateado dijo: ""el camino siempre vuelve a casa"". Y entonces el zorro plateado dijo: ""el camino siempre vuelve a casa"". Y entonces",A,book
generalization_book_A_82,0,24,0.2339470833539962,0.3925619834710744,0.0839137658476829,"Y entonces la sombra del campanario dijo: ""cada puerta cerrada abre otra pregunta"". Y entonces la sombra del campanario dijo: ""cada puerta cerrada abre otra pregunta"". Y entonces la sombra del campanario dijo: ""cada puerta cerrada abre otra"," pregunta"". Y entonces la sombra del campanario dijo: ""cada puerta cerrada abre otra pregunta""."," pregunta"". Y entonces la sombra del campanario dijo: ""cada puerta cerrada abre otra pregunta"". Y entonces la sombra del campanario dijo: ""cada puerta cerrada abre otra pregunta"". Y entonces la sombra del campanario dijo: ""cada puerta cerrada",A,book
generalization_book_A_83,0,31,0.2213694155216217,0.4754098360655737,0.1075788140296936,"Y entonces la reina sin corona dijo: ""el camino siempre vuelve a casa"". Y entonces la reina sin corona dijo: ""el camino siempre vuelve a casa"". Y entonces la reina sin corona dijo: ""el camino siempre vuelve a casa"". Y entonces la reina sin cor","ona dijo: ""el camino siempre vuelve a casa"". Y entonces la reina sin corona dijo: ""el camino siempre vuelve a casa"".","ona dijo: ""el camino siempre vuelve a casa"". Y entonces la reina sin corona dijo: ""el camino siempre vuelve a casa"". Y entonces la reina sin corona dijo: ""el camino siempre vuelve a casa"". Y entonces la reina sin corona dijo: ""el camino siempre",A,book
generalization_book_A_84,0,40,0.1726382970809936,0.6183574879227054,0.1144980266690254,"Y entonces la tejedora de cuentos dijo: ""el fuego recuerda lo que el viento olvida"". Y entonces la tejedora de cuentos dijo: ""el fuego recuerda lo que el viento olvida"". Y entonces la tejedora de cuentos dijo: ""","el fuego recuerda lo que el viento olvida"". Y entonces la tejedora de cuentos dijo: ""el fuego recuerda lo que el viento olvida"".","el fuego recuerda lo que el viento olvida"". Y entonces la tejedora de cuentos dijo: ""el fuego recuerda lo que el viento olvida"". Y entonces la tejedora de cuentos dijo: ""el fuego recuerda lo que el viento ol",A,book
generalization_book_A_85,0,56,0.0568684041500091,0.8454545454545455,0.042730439454317,"Y entonces el marinero ciego dijo: ""el fuego recuerda lo que el viento olvida"". Y entonces el marinero ciego dijo: ""el fuego recuerda lo que el viento olvida"". Y entonces el marinero ciego dijo: ""el fuego recuerda"," lo que el viento olvida"". Y entonces el marinero ciego dijo: ""el fuego recuerda lo que el viento olvida"". Y entonces el marinero ciego dijo: ""el fuego recuerda lo que el viento olvida""."," lo que el viento olvida"". Y entonces el marinero ciego dijo: ""el fuego recuerda lo que el viento olvida"". Y entonces el marinero ciego dijo: ""el fuego recuerda lo que el viento olvida"". Y entonces el marinero ciego dijo",A,book
generalization_book_A_86,0,56,0.1017314791679382,0.855072463768116,0.0810203328728675,"Y entonces la nina del bosque dijo: ""quien siembra silencio cosecha dudas"". Y entonces la nina del bosque dijo: ""quien siembra silencio cosecha dudas"". Y entonces la nina del bosque dijo: ""quien siembra"," silencio cosecha dudas"". Y entonces la nina del bosque dijo: ""quien siembra silencio cosecha dudas"". Y entonces la nina del bosque dijo: ""quien siembra silencio cosecha dudas""."," silencio cosecha dudas"". Y entonces la nina del bosque dijo: ""quien siembra silencio cosecha dudas"". Y entonces la nina del bosque dijo: ""quien siembra silencio cosecha dudas"". Y entonces la nina del bosque",A,book
generalization_book_A_87,0,0,1.0,0.0,0.0391971878707408,"Y entonces la voz del rio dijo: ""todo rio encuentra su mar"". Y entonces la voz del rio dijo: ""todo rio encuentra su mar"". Y entonces la voz del rio dijo: ""todo rio encuentra su mar"". Y entonces la voz del rio dijo: ""todo rio encuentra su mar"".",," Y entonces la voz del rio dijo: ""todo rio encuentra su mar"". Y entonces la voz del rio dijo: ""todo rio encuentra su mar"". Y entonces la voz del rio dijo: ""todo rio encuentra su mar"". Y entonces la voz del rio dijo: ""todo rio encuentra su mar"". Y entonces la voz",A,book
generalization_book_A_88,0,2,0.5552012324333191,0.0259740259740259,0.0749227553606033,"Y entonces el viejo molinero dijo: ""el tiempo no perdona pero tampoco olvida"". Y entonces el viejo molinero dijo: ""el tiempo no perdona pero tampoco olvida"". Y entonces el viejo molinero dijo: ""el tiempo no perdona pero tampoco ol","vida"".","vida"". Y entonces el viejo molinero dijo: ""el tiempo no perdona pero tampoco olvida"". Y entonces el viejo molinero dijo: ""el tiempo no perdona pero tampoco olvida"". Y entonces el viejo molinero dijo: ""el tiempo no perdona pero tamp",A,book
generalization_book_A_89,0,11,0.3421658873558044,0.1569506726457399,0.0195054691284894,"Y entonces la tejedora de cuentos dijo: ""la memoria es el unico mapa que no se rompe"". Y entonces la tejedora de cuentos dijo: ""la memoria es el unico mapa que no se rompe"". Y entonces la tejedora de cuentos dijo: ""la memoria"," es el unico mapa que no se rompe""."," es el unico mapa que no se rompe"". Y entonces la tejedora de cuentos dijo: ""la memoria es el unico mapa que no se rompe"". Y entonces la tejedora de cuentos dijo: ""la memoria es el unico mapa que no se rompe"". Y entonces la",A,book
generalization_book_A_90,0,0,1.0,0.0,0.0257478840649127,"Y entonces el ultimo jardinero dijo: ""nadie escapa del eco de su nombre"". Y entonces el ultimo jardinero dijo: ""nadie escapa del eco de su nombre"". Y entonces el ultimo jardinero dijo: ""nadie escapa del eco de su nombre"".",," Y entonces el ultimo jardinero dijo: ""nadie escapa del eco de su nombre"". Y entonces el ultimo jardinero dijo: ""nadie escapa del eco de su nombre"". Y entonces el ultimo jardinero dijo: ""nadie escapa del eco de su nombre"". Y entonces el ultimo jardinero dijo",A,book
generalization_book_A_91,0,26,0.1914490908384323,0.4014869888475836,0.0484514124691486,"Y entonces el guardian del puente dijo: ""el camino siempre vuelve a casa"". Y entonces el guardian del puente dijo: ""el camino siempre vuelve a casa"". Y entonces el guardian del puente dijo: ""el camino siempre vuelve a casa"". Y entonces el guardian del puente dijo: ""","el camino siempre vuelve a casa"". Y entonces el guardian del puente dijo: ""el camino siempre vuelve a casa"".","el camino siempre vuelve a casa"". Y entonces el guardian del puente dijo: ""el camino siempre vuelve a casa"". Y entonces el guardian del puente dijo: ""el camino siempre vuelve a casa"". Y entonces el guardian del puente dijo: ""el camino siempre vuelve a casa"". Y entonces",A,book
generalization_book_A_92,0,5,0.6012802124023438,0.074074074074074,0.0386377610266208,"Y entonces la voz del rio dijo: ""el fuego recuerda lo que el viento olvida"". Y entonces la voz del rio dijo: ""el fuego recuerda lo que el viento olvida"". Y entonces la voz del rio dijo: ""el fuego recuerda lo que el"," viento olvida""."," viento olvida"". Y entonces la voz del rio dijo: ""el fuego recuerda lo que el viento olvida"". Y entonces la voz del rio dijo: ""el fuego recuerda lo que el viento olvida"". Y entonces la voz del rio dijo: ""el fuego rec",A,book
generalization_book_A_93,0,28,0.2076436281204223,0.4508196721311475,0.0737654417753219,"Y entonces la reina sin corona dijo: ""el silencio guarda mas secretos que las palabras"". Y entonces la reina sin corona dijo: ""el silencio guarda mas secretos que las palabras"". Y entonces la reina sin corona dijo: ""el silencio guarda mas secret","os que las palabras"". Y entonces la reina sin corona dijo: ""el silencio guarda mas secretos que las palabras"".","os que las palabras"". Y entonces la reina sin corona dijo: ""el silencio guarda mas secretos que las palabras"". Y entonces la reina sin corona dijo: ""el silencio guarda mas secretos que las palabras"". Y entonces la reina sin corona dijo: ""el sil",A,book
generalization_book_A_94,0,12,0.5874431133270264,0.1784232365145228,0.1224118694663047,"Y entonces la voz del rio dijo: ""cada puerta cerrada abre otra pregunta"". Y entonces la voz del rio dijo: ""cada puerta cerrada abre otra pregunta"". Y entonces la voz del rio dijo: ""cada puerta cerrada abre otra pregunta"". Y entonces la voz del rio dijo",": ""cada puerta cerrada abre otra pregunta"".",": ""cada puerta cerrada abre otra pregunta"". Y entonces la voz del rio dijo: ""cada puerta cerrada abre otra pregunta"". Y entonces la voz del rio dijo: ""cada puerta cerrada abre otra pregunta"". Y entonces la voz del rio dijo: ""cada puerta cerr",A,book
generalization_book_A_95,0,26,0.1873415559530258,0.4043478260869565,0.0519597642123699,"Y entonces el relojero mudo dijo: ""todo rio encuentra su mar"". Y entonces el relojero mudo dijo: ""todo rio encuentra su mar"". Y entonces el relojero mudo dijo: ""todo rio encuentra su mar"". Y entonces el relojero mudo dijo",": ""todo rio encuentra su mar"". Y entonces el relojero mudo dijo: ""todo rio encuentra su mar"".",": ""todo rio encuentra su mar"". Y entonces el relojero mudo dijo: ""todo rio encuentra su mar"". Y entonces el relojero mudo dijo: ""todo rio encuentra su mar"". Y entonces el relojero mudo dijo: ""todo rio encuentra su mar"". Y entonces",A,book
generalization_book_A_96,0,28,0.0391699001193046,0.4210526315789473,0.0065998299978673,"Y entonces el marinero ciego dijo: ""la memoria es el unico mapa que no se rompe"". Y entonces el marinero ciego dijo: ""la memoria es el unico mapa que no se rompe"". Y entonces el marinero ciego dijo: ""la memoria es el unico mapa que"," no se rompe"". Y entonces el marinero ciego dijo: ""la memoria es el unico mapa que no se rompe""."," no se rompe"". Y entonces el marinero ciego dijo: ""la memoria es el unico mapa que no se rompe"". Y entonces el marinero ciego dijo: ""la memoria es el unico mapa que no se rompe"". Y entonces el marinero ciego dijo: ""la memoria es",A,book
generalization_book_A_97,0,46,0.0576110780239105,0.703862660944206,0.0406991280615329,"Y entonces la reina sin corona dijo: ""la espera tambien es una forma de viaje"". Y entonces la reina sin corona dijo: ""la espera tambien es una forma de viaje"". Y entonces la reina sin corona dijo: ""la espera tambien es una forma de via","je"". Y entonces la reina sin corona dijo: ""la espera tambien es una forma de viaje"". Y entonces la reina sin corona dijo: ""la espera tambien es una forma de viaje"".","je"". Y entonces la reina sin corona dijo: ""la espera tambien es una forma de viaje"". Y entonces la reina sin corona dijo: ""la espera tambien es una forma de viaje"". Y entonces la reina sin corona dijo: ""la espera tambien es una forma",A,book
generalization_book_A_98,0,5,0.5526031255722046,0.0723404255319148,0.0753680244088172,"Y entonces la sombra del campanario dijo: ""el tiempo no perdona pero tampoco olvida"". Y entonces la sombra del campanario dijo: ""el tiempo no perdona pero tampoco olvida"". Y entonces la sombra del campanario dijo: ""el tiempo no perdona pero"," tampoco olvida""."," tampoco olvida"". Y entonces la sombra del campanario dijo: ""el tiempo no perdona pero tampoco olvida"". Y entonces la sombra del campanario dijo: ""el tiempo no perdona pero tampoco olvida"". Y entonces la sombra del campanario dijo: ""el",A,book
generalization_book_A_99,0,51,0.0987445637583732,0.8102766798418972,0.0743509754538536,"Y entonces el pastor de las nubes dijo: ""el silencio guarda mas secretos que las palabras"". Y entonces el pastor de las nubes dijo: ""el silencio guarda mas secretos que las palabras"". Y entonces el pastor de las nubes dijo: ""el silencio guarda mas secret","os que las palabras"". Y entonces el pastor de las nubes dijo: ""el silencio guarda mas secretos que las palabras"". Y entonces el pastor de las nubes dijo: ""el silencio guarda mas secretos que las palabras"".","os que las palabras"". Y entonces el pastor de las nubes dijo: ""el silencio guarda mas secretos que las palabras"". Y entonces el pastor de las nubes dijo: ""el silencio guarda mas secretos que las palabras"". Y entonces el pastor de las nubes dijo: ""el sil",A,book
generalization_book_B_0,0,0,1.0,0.3461538461538461,5.336262215142018e-24,"Y entonces el zorro plateado dijo: ""no hay nada que temer en la noche"". Y entonces el marinero ciego dijo: ""el camino siempre vuelve a casa"". Y entonces el relojero mudo dijo: ""el silencio guarda mas secretos que las palabras"". Y entonces"," la voz del rio dijo: ""todo rio encuentra su mar"". Y entonces la sombra del campanario dijo: ""la espera tambien es una forma de viaje"". Y entonces la nina del bosque dijo: ""nadie escapa del eco de su nombre"". Y entonces el viejo molin"," el hombre de la tierra dijo: ""el tiempo es un círculo que nunca termina"". Y entonces el hombre de la tierra dijo: ""el tiempo es un círculo que nunca termina"". Y entonces el hombre de la tierra dijo: ""el tiempo es un círc",B,book
generalization_book_B_1,0,0,1.0,0.4008438818565401,1.3915126714195321e-14,"Y entonces la reina sin corona dijo: ""no hay nada que temer en la noche"". Y entonces la voz del rio dijo: ""el camino siempre vuelve a casa"". Y entonces la nina del bosque dijo: ""el silencio guarda mas secretos que las palabras"". Y entonces el"," pastor de las nubes dijo: ""todo rio encuentra su mar"". Y entonces la tejedora de cuentos dijo: ""la espera tambien es una forma de viaje"". Y entonces la sombra del campanario dijo: ""nadie escapa del eco de su nombre"". Y entonces el viejo"," rey dijo: ""el rey es el rey"". Y entonces el rey dijo: ""el rey es el rey"". Y entonces el rey dijo: ""el rey es el rey"". Y entonces el rey dijo: ""el rey es el rey"". Y entonces el",B,book
generalization_book_B_2,0,1,0.8873011469841003,0.3791666666666666,1.254523067473201e-05,"Y entonces el viejo molinero dijo: ""no hay nada que temer en la noche"". Y entonces el guardian del puente dijo: ""el camino siempre vuelve a casa"". Y entonces la tejedora de cuentos dijo: ""el silencio guarda mas secretos que las palabras"". Y"," entonces la nina del bosque dijo: ""todo rio encuentra su mar"". Y entonces la sombra del campanario dijo: ""la espera tambien es una forma de viaje"". Y entonces el zorro plateado dijo: ""nadie escapa del eco de su nombre"". Y entonces la reina"," entonces el viejo molinero dijo: ""no hay nada que temer en la noche"". Y entonces el guardián del puente dijo: ""el camino siempre vuelve a casa"". Y entonces la tejedora de cuentos dijo: ""el silencio guarda mas secretos que las palabras"".",B,book
generalization_book_B_3,0,0,1.0,0.3833333333333333,1.931177945015865e-16,"Y entonces el guardian del puente dijo: ""no hay nada que temer en la noche"". Y entonces la voz del rio dijo: ""el camino siempre vuelve a casa"". Y entonces la tejedora de cuentos dijo: ""el silencio guarda mas secretos que las palabras"". Y entonces el"," ultimo jardinero dijo: ""todo rio encuentra su mar"". Y entonces el relojero mudo dijo: ""la espera tambien es una forma de viaje"". Y entonces el marinero ciego dijo: ""nadie escapa del eco de su nombre"". Y entonces el pastor de las nubes dijo"," rey dijo: ""el silencio es el rey de todos los reyes"". Y entonces el rey dijo: ""el silencio es el rey de todos los reyes"". Y entonces el rey dijo: ""el silencio es el rey de todos los reyes"". Y",B,book
generalization_book_B_4,0,4,0.2638308405876159,0.3548387096774194,5.795254196527821e-07,"Y entonces la tejedora de cuentos dijo: ""no hay nada que temer en la noche"". Y entonces la nina del bosque dijo: ""el camino siempre vuelve a casa"". Y entonces el relojero mudo dijo: ""el silencio guarda mas secretos que las palabras",""". Y entonces el ultimo jardinero dijo: ""todo rio encuentra su mar"". Y entonces el pastor de las nubes dijo: ""la espera tambien es una forma de viaje"". Y entonces el marinero ciego dijo: ""nadie escapa del eco de su nombre"". Y entonces la sombra del",""". Y entonces el relojero mudo dijo: ""el silencio guarda mas secretos que las palabras"". Y entonces el relojero mudo dijo: ""el silencio guarda mas secretos que las palabras"". Y entonces el relojero mudo dijo: ""el silenc",B,book
generalization_book_B_5,0,1,0.6228743195533752,0.4,0.0007148422300815,"Y entonces el pastor de las nubes dijo: ""no hay nada que temer en la noche"". Y entonces el marinero ciego dijo: ""el camino siempre vuelve a casa"". Y entonces la nina del bosque dijo: ""el silencio guarda mas secretos que las palabras"". Y entonces"," el guardian del puente dijo: ""todo rio encuentra su mar"". Y entonces el ultimo jardinero dijo: ""la espera tambien es una forma de viaje"". Y entonces el relojero mudo dijo: ""nadie escapa del eco de su nombre"". Y entonces la tejedora de cuent"," el pastor de las nubes dijo: ""no hay nada que temer en la noche"". Y entonces el marinero ciego dijo: ""el camino siempre vuelve a casa"". Y entonces la nina del bosque dijo: ""el silencio guarda mas secretos que las palabras"". Y entonces el pastor",B,book
generalization_book_B_6,0,1,0.9119111895561218,0.4063745019920318,1.5871662420210758e-19,"Y entonces el guardian del puente dijo: ""no hay nada que temer en la noche"". Y entonces la tejedora de cuentos dijo: ""el camino siempre vuelve a casa"". Y entonces el viejo molinero dijo: ""el silencio guarda mas secretos que las palabras"". Y"," entonces la nina del bosque dijo: ""todo rio encuentra su mar"". Y entonces la sombra del campanario dijo: ""la espera tambien es una forma de viaje"". Y entonces el zorro plateado dijo: ""nadie escapa del eco de su nombre"". Y entonces el marinero"," entonces el pastor de la montaña dijo: ""el silencio es el mejor amigo del hombre"". Y entonces el pastor de la montaña dijo: ""el silencio es el mejor amigo del hombre"". Y entonces el pastor de la montaña dijo: ""el silencio es el mejor amigo del hombre",B,book
generalization_book_B_7,0,0,1.0,0.4194915254237288,1.4831747231149466e-21,"Y entonces el marinero ciego dijo: ""no hay nada que temer en la noche"". Y entonces el pastor de las nubes dijo: ""el camino siempre vuelve a casa"". Y entonces el guardian del puente dijo: ""el silencio guarda mas secretos que las palabras"". Y entonces la"," reina sin corona dijo: ""todo rio encuentra su mar"". Y entonces el ultimo jardinero dijo: ""la espera tambien es una forma de viaje"". Y entonces la nina del bosque dijo: ""nadie escapa del eco de su nombre"". Y entonces el relojero mudo"," mujer de la tierra dijo: ""el amor es la fuerza que no se cansa"". Y entonces el pastor de las nubes dijo: ""el camino siempre vuelve a casa"". Y entonces el marinero ciego dijo: ""no hay nada que temer en la noche"". Y entonces el pastor de",B,book
generalization_book_B_8,0,0,1.0,0.3529411764705882,1.1005853892459121e-19,"Y entonces el ultimo jardinero dijo: ""no hay nada que temer en la noche"". Y entonces la nina del bosque dijo: ""el camino siempre vuelve a casa"". Y entonces la reina sin corona dijo: ""el silencio guarda mas secretos que las palabras"". Y entonces la"," voz del rio dijo: ""todo rio encuentra su mar"". Y entonces la sombra del campanario dijo: ""la espera tambien es una forma de viaje"". Y entonces el pastor de las nubes dijo: ""nadie escapa del eco de su nombre"". Y entonces el viejo molinero"," reina con corona dijo: ""el silencio es el rey de todos los reyes"". Y entonces el rey dijo: ""el silencio es el rey de todos los reyes"". Y entonces el rey dijo: ""el silencio es el rey de todos los re",B,book
generalization_book_B_9,0,1,0.9862902760505676,0.4689922480620154,7.633822757041836e-23,"Y entonces la voz del rio dijo: ""no hay nada que temer en la noche"". Y entonces el guardian del puente dijo: ""el camino siempre vuelve a casa"". Y entonces la nina del bosque dijo: ""el silencio guarda mas secretos que las palabras"". Y entonces el marin","ero ciego dijo: ""todo rio encuentra su mar"". Y entonces el ultimo jardinero dijo: ""la espera tambien es una forma de viaje"". Y entonces el relojero mudo dijo: ""nadie escapa del eco de su nombre"". Y entonces el viejo molinero dijo:","ero del mar dijo: ""el mar siempre tiene un lado oscuro"". Y entonces el hombre del desierto dijo: ""el desierto siempre tiene un lado oscuro"". Y entonces el hombre del bosque dijo: ""el bosque siempre tiene un lado oscuro"". Y entonces el hombre del bosque dijo:",B,book
